{
  "mySidebar": [
    {
      "type": "category",
      "label": "Overview",
      "items": [
        {
          "type": "doc",
          "id": "overview/introduction",
          "label": "Introduction"
        },
        {
          "type": "doc",
          "id": "overview/basic-features",
          "label": "Basic features"
        }
      ]
    },
    {
      "type": "category",
      "label": "Getting started",
      "items": [
        {
          "type": "doc",
          "id": "getting-started/quickstart",
          "label": "Quickstart"
        },
        {
          "type": "doc",
          "id": "getting-started/development",
          "label": "Development"
        },
        {
          "type": "doc",
          "id": "getting-started/set-up-your-first-project",
          "label": "Set up your first project"
        },
        {
          "type": "doc",
          "id": "getting-started/configuration",
          "label": "Configuration"
        }
      ]
    },
    {
      "type": "category",
      "label": "Editing docs",
      "items": [
        {
          "type": "category",
          "label": "Managing docs",
          "items": [
            {
              "type": "doc",
              "id": "editing-docs/managing-docs/sidebar",
              "label": "Sidebar"
            },
            {
              "type": "doc",
              "id": "editing-docs/managing-docs/docs-multi-instance",
              "label": "Docs Multi-instance"
            },
            {
              "type": "doc",
              "id": "editing-docs/managing-docs/docs-versioning",
              "label": "Docs versioning"
            }
          ]
        },
        {
          "type": "doc",
          "id": "editing-docs/docs-components",
          "label": "Docs components"
        }
      ]
    },
    {
      "type": "category",
      "label": "Customizing",
      "items": [
        {
          "type": "doc",
          "id": "customizing/customize-with-json-file",
          "label": "Customize with json file"
        },
        {
          "type": "doc",
          "id": "customizing/customize-through-platform",
          "label": "Customize through platform"
        }
      ]
    },
    {
      "type": "category",
      "label": "Engaging users",
      "items": [
        {
          "type": "doc",
          "id": "engaging-users/search",
          "label": "Search"
        }
      ]
    },
    {
      "type": "category",
      "label": "OpenAPIDemo",
      "items": [
        {
          "type": "autogenerated",
          "dirName": "./OpenAPIDemo"
        }
      ]
    }
  ]
}
