{
  "title": "GNS UI",
  "favicon": "image/favicon.ico",
  "instances": [
    {
      "id": "default",
      "label": "docs",
      "path": "docs",
      "routeBasePath": ""
    }
  ],
  "themeConfig": {
    "navbar": {
      "title": "GNS UI",
      "logo": "image/logo.png",
      "items": [
        {
          "type": "docSidebar",
          "sidebarIds": ["mySidebar"],
          "label": "Documentation",
          "position": "left"
        },
        {
          "type": "docsVersionDropdown"
        },
        {
          "type": "docsInstanceDropdown"
        }
      ]
    },
    "footer": {
      "logo": "image/logo.png",
      "caption": "Effortlessly write then publish technical, product documentation in a customer-facing portal, no code.",
      "links": [
        {
          "title": "Product",
          "items": [
            {
              "label": "Documentation",
              "to": "/"
            },
            {
              "label": "Documentation",
              "to": "/"
            },
            {
              "label": "Documentation",
              "to": "/"
            }
          ]
        },
        {
          "title": "Product",
          "items": [
            {
              "label": "Documentation",
              "to": "/"
            },
            {
              "label": "Documentation",
              "to": "/"
            },
            {
              "label": "Documentation",
              "to": "/"
            }
          ]
        },
        {
          "title": "Product",
          "items": [
            {
              "label": "Documentation",
              "to": "/"
            },
            {
              "label": "Documentation",
              "to": "/"
            },
            {
              "label": "Documentation",
              "to": "/"
            }
          ]
        },
        {
          "title": "Product",
          "items": [
            {
              "label": "Documentation",
              "to": "/"
            },
            {
              "label": "Documentation",
              "to": "/"
            },
            {
              "label": "Documentation",
              "to": "/"
            }
          ]
        }
      ],
      "socials": [
        {
          "logo": "Twitter",
          "href": "https://twitter.com/docuo_team"
        },
        {
          "logo": "LinkedIn",
          "href": "https://www.linkedin.com/company/spreadingai"
        },
        {
          "logo": "Discord",
          "href": "https://discord.gg/W8p93wcR"
        },
        {
          "logo": "GitHub",
          "href": "https://github.com/spreadingai"
        }
      ],
      "copyright": "Copyright © 2022 ZEGOCLOUD. All Rights Reserved."
    }
  },
  "search": {
    "algolia": {
      "appId": "24083JW88L",
      "apiKey": "5ec85b3104c941999985d4f528b6376b",
      "indexName": "sunlyproject1-hdh34-spreading"
    }
  }
}
